filename	cadences_id	mc	mn	timesig	onset	staff	voice	cadence
K279-1	0	3	3	4/4	0	1	1	PAC
K279-1	1	5	5	4/4	0	1	1	PAC
K279-1	2	10	10	4/4	3/4	1	1	DC
K279-1	3	12	12	4/4	1/2	1	1	PAC
K279-1	4	16	16	4/4	1/8	1	1	HC
K279-1	5	24	24	4/4	0	1	1	HC
K279-1	6	31	31	4/4	0	1	1	PAC
K279-1	7	33	33	4/4	0	1	1	PAC
K279-1	8	35	35	4/4	0	1	1	PAC
K279-1	9	37	37	4/4	1/2	1	1	IAC
K279-1	10	51	51	4/4	1/2	1	1	HC
K279-1	11	60	60	4/4	0	1	1	PAC
K279-1	12	62	62	4/4	0	1	1	PAC
K279-1	13	67	67	4/4	1/2	1	1	HC
K279-1	14	78	78	4/4	1/2	1	1	HC
K279-1	15	86	86	4/4	1/8	1	1	HC
K279-1	16	92	92	4/4	0	1	1	PAC
K279-1	17	94	94	4/4	0	1	1	PAC
K279-1	18	96	96	4/4	0	1	1	PAC
K279-1	19	98	98	4/4	1/2	1	1	IAC
K279-2	0	5	4	3/4	0	1	1	EC
K279-2	1	7	6	3/4	1/4	1	1	PAC
K279-2	2	11	10	3/4	0	1	1	HC
K279-2	3	18	17	3/4	0	1	1	EC
K279-2	4	22	21	3/4	0	1	1	EC
K279-2	5	27	26	3/4	0	1	1	PAC
K279-2	6	28	27	3/4	0	1	1	PAC
K279-2	7	29	28	3/4	1/2	1	1	PAC
K279-2	8	34	32	3/4	1/4	1	1	HC
K279-2	9	37	35	3/4	0	1	1	EC
K279-2	10	39	37	3/4	0	1	1	EC
K279-2	11	43	41	3/4	1/2	1	1	HC
K279-2	12	48	46	3/4	0	1	1	EC
K279-2	13	52	50	3/4	0	1	1	HC
K279-2	14	59	57	3/4	0	1	1	EC
K279-2	15	63	61	3/4	0	1	1	EC
K279-2	16	70	68	3/4	0	1	1	PAC
K279-2	17	74	72	3/4	0	1	1	PAC
K279-2	18	75	73	3/4	0	1	1	PAC
K279-2	19	76	74	3/4	1/2	1	1	PAC
K279-3	0	5	4	2/4	0	1	1	HC
K279-3	1	11	10	2/4	0	1	1	PAC
K279-3	2	19	18	2/4	0	1	1	HC
K279-3	3	21	20	2/4	0	1	1	HC
K279-3	4	23	22	2/4	0	1	1	HC
K279-3	5	31	30	2/4	0	1	1	HC
K279-3	6	35	34	2/4	0	1	1	DC
K279-3	7	39	38	2/4	0	1	1	PAC
K279-3	8	47	46	2/4	0	1	1	PAC
K279-3	9	51	50	2/4	0	1	1	PAC
K279-3	10	55	54	2/4	0	1	1	PAC
K279-3	11	72	70	2/4	0	1	1	HC
K279-3	12	74	72	2/4	0	1	1	HC
K279-3	13	92	90	2/4	0	1	1	HC
K279-3	14	98	96	2/4	0	1	1	PAC
K279-3	15	106	104	2/4	0	1	1	HC
K279-3	16	108	106	2/4	0	1	1	HC
K279-3	17	110	108	2/4	0	1	1	HC
K279-3	18	118	116	2/4	0	1	1	HC
K279-3	19	122	120	2/4	0	1	1	DC
K279-3	20	126	124	2/4	0	1	1	PAC
K279-3	21	134	132	2/4	0	1	1	EC
K279-3	22	149	147	2/4	0	1	1	PAC
K279-3	23	153	151	2/4	0	1	1	PAC
K279-3	24	157	155	2/4	0	1	1	PAC
K280-1	0	10	10	3/4	0	1	1	EC
K280-1	1	13	13	3/4	0	1	1	PAC
K280-1	2	26	26	3/4	1/4	1	1	HC
K280-1	3	43	43	3/4	0	1	1	PAC
K280-1	4	48	48	3/4	0	1	1	PAC
K280-1	5	54	54	3/4	0	1	1	PAC
K280-1	6	78	78	3/4	0	1	1	HC
K280-1	7	92	92	3/4	0	1	1	EC
K280-1	8	95	95	3/4	0	1	1	PAC
K280-1	9	108	108	3/4	1/4	1	1	HC
K280-1	10	131	131	3/4	0	1	1	PAC
K280-1	11	136	136	3/4	0	1	1	PAC
K280-1	12	142	142	3/4	0	1	1	PAC
K280-2	0	8	8	6/8	3/8	1	1	PAC
K280-2	1	12	12	6/8	3/8	1	1	HC
K280-2	2	19	19	6/8	0	1	1	DC
K280-2	3	21	21	6/8	0	1	1	PAC
K280-2	4	22	22	6/8	3/8	1	1	PAC
K280-2	5	24	24	6/8	3/8	1	1	PAC
K280-2	6	32	32	6/8	0	1	1	HC
K280-2	7	42	42	6/8	3/8	1	1	PAC
K280-2	8	46	46	6/8	3/8	1	1	HC
K280-2	9	53	53	6/8	0	1	1	EC
K280-2	10	55	55	6/8	0	1	1	DC
K280-2	11	57	57	6/8	0	1	1	PAC
K280-2	12	58	58	6/8	3/8	1	1	PAC
K280-2	13	60	60	6/8	3/8	1	1	PAC
K280-3	0	9	8	3/8	0	1	1	HC
K280-3	1	17	16	3/8	0	1	1	PAC
K280-3	2	33	32	3/8	0	1	1	HC
K280-3	3	50	49	3/8	1/4	1	1	HC
K280-3	4	63	62	3/8	0	1	1	PAC
K280-3	5	67	66	3/8	0	1	1	PAC
K280-3	6	73	72	3/8	0	1	1	PAC
K280-3	7	87	85	3/8	0	1	1	PAC
K280-3	8	105	103	3/8	0	1	1	HC
K280-3	9	117	115	3/8	0	1	1	HC
K280-3	10	125	123	3/8	0	1	1	PAC
K280-3	11	145	143	3/8	0	1	1	HC
K280-3	12	162	160	3/8	1/4	1	1	HC
K280-3	13	175	173	3/8	0	1	1	PAC
K280-3	14	179	177	3/8	0	1	1	PAC
K280-3	15	185	183	3/8	0	1	1	PAC
K281-1	0	4	4	2/4	1/8	1	1	IAC
K281-1	1	8	8	2/4	0	1	1	PAC
K281-1	2	16	16	2/4	0	1	1	HC
K281-1	3	30	30	2/4	0	1	1	PAC
K281-1	4	34	34	2/4	0	1	1	EC
K281-1	5	36	36	2/4	0	1	1	EC
K281-1	6	38	38	2/4	0	1	1	PAC
K281-1	7	48	48	2/4	0	1	1	PAC
K281-1	8	59	59	2/4	0	1	1	IAC
K281-1	9	61	61	2/4	0	1	1	PAC
K281-1	10	68	68	2/4	0	1	1	HC
K281-1	11	73	73	2/4	1/8	1	1	IAC
K281-1	12	77	77	2/4	0	1	1	PAC
K281-1	13	85	85	2/4	0	1	1	HC
K281-1	14	99	99	2/4	0	1	1	PAC
K281-1	15	103	103	2/4	0	1	1	EC
K281-1	16	105	105	2/4	0	1	1	EC
K281-1	17	107	107	2/4	0	1	1	PAC
K281-2	0	8	8	3/8	0	1	1	IAC
K281-2	1	12	12	3/8	0	1	1	PAC
K281-2	2	14	14	3/8	0	1	1	PAC
K281-2	3	21	21	3/8	0	1	1	HC
K281-2	4	23	23	3/8	0	1	1	HC
K281-2	5	26	26	3/8	1/4	1	1	HC
K281-2	6	35	35	3/8	0	1	1	DC
K281-2	7	39	39	3/8	0	1	1	EC
K281-2	8	41	41	3/8	0	1	1	EC
K281-2	9	43	43	3/8	0	1	1	PAC
K281-2	10	55	55	3/8	1/8	1	1	HC
K281-2	11	66	66	3/8	0	1	1	IAC
K281-2	12	70	70	3/8	0	1	1	PAC
K281-2	13	72	72	3/8	0	1	1	PAC
K281-2	14	86	86	3/8	1/4	1	1	HC
K281-2	15	95	95	3/8	0	1	1	DC
K281-2	16	99	99	3/8	0	1	1	EC
K281-2	17	101	101	3/8	0	1	1	EC
K281-2	18	103	103	3/8	0	1	1	PAC
K281-3	0	5	4	2/2	1/4	1	1	HC
K281-3	1	9	8	2/2	0	1	1	PAC
K281-3	2	11	10	2/2	0	1	1	HC
K281-3	3	13	12	2/2	0	1	1	PAC
K281-3	4	15	14	2/2	0	1	1	PAC
K281-3	5	17	16	2/2	0	1	1	PAC
K281-3	6	28	27	2/2	1/4	1	1	HC
K281-3	7	40	39	2/2	0	1	1	PAC
K281-3	8	48	47	2/2	1/4	1	1	HC
K281-3	9	52	51	2/2	0	1	1	PAC
K281-3	10	60	59	2/2	1/2	1	1	HC
K281-3	11	64	63	2/2	1/2	1	1	HC
K281-3	12	68	67	2/2	1/2	1	1	PAC
K281-3	13	70	69	2/2	1/2	1	1	HC
K281-3	14	76	75	2/2	1/4	1	1	HC
K281-3	15	80	79	2/2	0	1	1	PAC
K281-3	16	82	81	2/2	0	1	1	HC
K281-3	17	84	83	2/2	0	1	1	PAC
K281-3	18	86	85	2/2	0	1	1	PAC
K281-3	19	88	87	2/2	0	1	1	PAC
K281-3	20	102	101	2/2	0	1	1	PAC
K281-3	21	110	109	2/2	1/4	1	1	HC
K281-3	22	119	118	2/2	0	1	1	HC
K281-3	23	124	123	2/2	0	1	1	HC
K281-3	24	137	136	2/2	0	1	1	PAC
K281-3	25	147	146	2/2	1/4	1	1	HC
K281-3	26	151	150	2/2	0	1	1	PAC
K281-3	27	153	152	2/2	0	1	1	HC
K281-3	28	155	154	2/2	0	1	1	PAC
K281-3	29	157	156	2/2	0	1	1	PAC
K281-3	30	159	158	2/2	0	1	1	PAC
K282-1	0	2	2	4/4	1/4	1	1	HC
K282-1	1	4	4	4/4	0	1	1	IAC
K282-1	2	8	8	4/4	0	1	1	HC
K282-1	3	13	13	4/4	0	1	1	DC
K282-1	4	15	15	4/4	0	1	1	PAC
K282-1	5	20	20	4/4	0	1	1	HC
K282-1	6	26	26	4/4	0	1	1	HC
K282-1	7	31	31	4/4	0	1	1	DC
K282-1	8	33	33	4/4	0	1	1	PAC
K282-1	9	35	35	4/4	1/8	1	1	HC
K282-1	10	36	36	4/4	3/4	1	1	PAC
K282-2	0	11	10	3/4	0	1	1	PAC
K282-2	1	20	18	3/4	1/4	1	1	HC
K282-2	2	30	28	3/4	0	1	1	PAC
K282-2	3	34	32	3/4	0	1	1	PAC
K282-2	4	43	40	3/4	1/4	1	1	HC
K282-2	5	51	48	3/4	0	1	1	PAC
K282-2	6	59	55	3/4	0	1	1	HC
K282-2	7	68	64	3/4	1/4	1	1	HC
K282-2	8	76	72	3/4	0	1	1	PAC
K282-3	0	9	8	2/4	1/8	1	1	HC
K282-3	1	16	15	2/4	1/8	1	1	HC
K282-3	2	24	23	2/4	0	1	1	PAC
K282-3	3	32	31	2/4	0	1	1	DC
K282-3	4	36	35	2/4	0	1	1	PAC
K282-3	5	40	39	2/4	0	1	1	PAC
K282-3	6	61	59	2/4	1/4	1	1	HC
K282-3	7	71	69	2/4	1/8	1	1	HC
K282-3	8	78	76	2/4	1/8	1	1	HC
K282-3	9	86	84	2/4	0	1	1	PAC
K282-3	10	90	88	2/4	1/4	1	1	DC
K282-3	11	94	92	2/4	0	1	1	DC
K282-3	12	98	96	2/4	0	1	1	PAC
K282-3	13	100	98	2/4	0	1	1	EC
K282-3	14	102	100	2/4	0	1	1	PAC
K283-1	0	11	10	3/4	0	1	1	PAC
K283-1	1	17	16	3/4	0	1	1	PAC
K283-1	2	23	22	3/4	0	1	1	HC
K283-1	3	27	26	3/4	1/2	1	1	HC
K283-1	4	31	30	3/4	1/2	1	1	HC
K283-1	5	39	38	3/4	0	1	1	PAC
K283-1	6	44	43	3/4	0	1	1	PAC
K283-1	7	49	48	3/4	0	1	1	EC
K283-1	8	52	51	3/4	0	1	1	PAC
K283-1	9	64	62	3/4	0	1	1	PAC
K283-1	10	91	89	3/4	0	1	1	HC
K283-1	11	95	93	3/4	1/2	1	1	HC
K283-1	12	99	97	3/4	1/2	1	1	HC
K283-1	13	107	105	3/4	0	1	1	PAC
K283-1	14	112	110	3/4	0	1	1	PAC
K283-1	15	117	115	3/4	0	1	1	EC
K283-1	16	120	118	3/4	0	1	1	PAC
K283-2	0	4	4	4/4	3/4	1	1	PAC
K283-2	1	8	8	4/4	3/4	1	1	HC
K283-2	3	15	14	4/4	0	1	1	PAC
K283-2	4	23	22	4/4	0	1	1	HC
K283-2	5	32	31	4/4	3/4	1	1	HC
K283-2	7	39	37	4/4	0	1	1	PAC
K283-2	8	41	39	4/4	3/4	1	1	PAC
K283-3	0	24	24	3/8	0	1	1	EC
K283-3	1	39	39	3/8	0	1	1	HC
K283-3	2	73	73	3/8	0	1	1	PAC
K283-3	3	81	81	3/8	0	1	1	PAC
K283-3	4	97	97	3/8	0	1	1	PAC
K283-3	5	101	101	3/8	0	1	1	PAC
K283-3	6	123	123	3/8	0	1	1	HC
K283-3	7	138	138	3/8	0	1	1	PAC
K283-3	8	142	142	3/8	0	1	1	PAC
K283-3	9	152	152	3/8	0	1	1	DC
K283-3	10	160	160	3/8	0	1	1	HC
K283-3	11	168	168	3/8	0	1	1	HC
K283-3	12	195	195	3/8	0	1	1	EC
K283-3	13	210	210	3/8	0	1	1	HC
K283-3	14	244	244	3/8	0	1	1	PAC
K283-3	15	252	252	3/8	0	1	1	PAC
K283-3	16	268	268	3/8	0	1	1	PAC
K283-3	17	272	272	3/8	0	1	1	PAC
K284-1	0	17	17	4/4	0	1	1	HC
K284-1	1	34	34	4/4	0	1	1	HC
K284-1	2	41	41	4/4	0	1	1	EC
K284-1	3	44	44	4/4	0	1	1	PAC
K284-1	4	50	50	4/4	0	1	1	PAC
K284-1	5	70	70	4/4	0	1	1	HC
K284-1	6	88	88	4/4	0	1	1	HC
K284-1	7	106	106	4/4	0	1	1	HC
K284-1	8	113	113	4/4	0	1	1	EC
K284-1	9	116	116	4/4	0	1	1	PAC
K284-1	10	120	120	4/4	0	1	1	PAC
K284-1	11	126	126	4/4	0	1	1	PAC
K284-2	0	8	8	3/4	1/2	1	1	HC
K284-2	1	16	16	3/4	1/2	1	1	PAC
K284-2	2	25	25	3/4	0	1	1	IAC
K284-2	3	30	30	3/4	1/2	1	1	PAC
K284-2	4	38	38	3/4	1/2	1	1	HC
K284-2	5	46	46	3/4	1/2	1	1	PAC
K284-2	6	52	52	3/4	0	1	1	HC
K284-2	7	61	61	3/4	0	1	1	IAC
K284-2	8	69	69	3/4	1/4	1	1	HC
K284-2	9	76	76	3/4	0	1	1	EC
K284-2	10	85	85	3/4	1/2	1	1	DC
K284-2	11	87	87	3/4	1/2	1	1	DC
K284-2	12	91	91	3/4	1/2	1	1	PAC
K284-3	0	5	4	2/2	1/4	1	1	HC
K284-3	1	9	8	2/2	1/4	1	1	PAC
K284-3	2	14	12	2/2	1/2	1	1	HC
K284-3	3	19	17	2/2	1/4	1	1	PAC
K284-3	4	24	21	2/2	1/4	1	1	HC
K284-3	5	28	25	2/2	1/4	1	1	PAC
K284-3	6	33	29	2/2	1/4	1	1	HC
K284-3	7	37	33	2/2	0	1	1	IAC
K284-3	8	38	34	2/2	1/4	1	1	PAC
K284-3	9	43	38	2/2	1/4	1	1	HC
K284-3	10	47	42	2/2	0	1	1	PAC
K284-3	11	52	46	2/2	1/4	1	1	HC
K284-3	12	57	51	2/2	0	1	1	PAC
K284-3	13	62	55	2/2	1/4	1	1	HC
K284-3	14	66	59	2/2	0	1	1	PAC
K284-3	15	71	63	2/2	1/2	1	1	HC
K284-3	16	76	68	2/2	0	1	1	PAC
K284-3	17	81	72	2/2	1/4	1	1	HC
K284-3	18	85	76	2/2	0	1	1	PAC
K284-3	19	90	80	2/2	0	1	1	HC
K284-3	20	95	85	2/2	0	1	1	PAC
K284-3	21	100	89	2/2	1/4	1	1	HC
K284-3	22	104	93	2/2	0	1	1	PAC
K284-3	23	109	97	2/2	1/4	1	1	HC
K284-3	24	114	102	2/2	0	1	1	PAC
K284-3	25	119	106	2/2	1/4	1	1	HC
K284-3	26	128	114	2/2	1/4	1	1	HC
K284-3	27	138	123	2/2	1/4	1	1	HC
K284-3	28	142	127	2/2	0	1	1	PAC
K284-3	29	152	136	2/2	0	1	1	PAC
K284-3	30	157	140	2/2	1/4	1	1	HC
K284-3	31	161	144	2/2	0	1	1	PAC
K284-3	32	167	149	2/2	0	1	1	HC
K284-3	33	171	153	2/2	0	1	1	PAC
K284-3	34	195	174	2/2	1/4	1	1	HC
K284-3	35	199	178	2/2	0	1	1	PAC
K284-3	36	204	182	2/2	0	1	1	HC
K284-3	37	209	187	2/2	0	1	1	PAC
K284-3	38	214	191	2/2	1/4	1	1	HC
K284-3	39	218	195	2/2	1/4	1	1	PAC
K284-3	40	223	199	2/2	1/4	1	1	HC
K284-3	41	227	203	2/2	1/4	1	1	PAC
K284-3	42	236	211	2/2	0	1	1	IAC
K284-3	43	237	212	2/2	1/4	1	1	PAC
K284-3	44	246	220	2/2	0	1	1	IAC
K284-3	45	247	221	2/2	1/4	1	1	PAC
K284-3	46	252	225	3/4	1/4	1	1	HC
K284-3	47	260	233	3/4	1/4	1	1	HC
K284-3	48	264	237	3/4	0	1	1	PAC
K284-3	49	277	250	3/4	0	1	1	HC
K284-3	50	282	255	3/4	0	1	1	DC
K284-3	51	284	257	3/4	0	1	1	DC
K284-3	52	286	259	3/4	0	1	1	PAC
K309-1	0	8	8	4/4	0	1	1	PAC
K309-1	1	18	18	4/4	0	1	1	EC
K309-1	2	21	21	4/4	0	1	1	PAC
K309-1	3	32	32	4/4	0	1	1	HC
K309-1	4	38	38	4/4	1/2	1	1	HC
K309-1	5	42	42	4/4	1/2	1	1	HC
K309-1	6	46	46	4/4	0	1	1	EC
K309-1	7	54	54	4/4	0	1	1	PAC
K309-1	8	58	58	4/4	0	1	1	PAC
K309-1	9	82	82	4/4	0	1	1	PAC
K309-1	10	86	86	4/4	0	1	1	PAC
K309-1	11	101	101	4/4	0	1	1	PAC
K309-1	12	108	108	4/4	1/8	1	1	HC
K309-1	13	113	113	4/4	0	1	1	EC
K309-1	14	116	116	4/4	0	1	1	PAC
K309-1	15	126	126	4/4	0	1	1	HC
K309-1	16	132	132	4/4	1/2	1	1	HC
K309-1	17	136	136	4/4	1/2	1	1	HC
K309-1	18	140	140	4/4	0	1	1	EC
K309-1	19	148	148	4/4	0	1	1	PAC
K309-1	20	152	152	4/4	0	1	1	PAC
K309-2	0	4	4	3/4	1/4	1	1	IAC
K309-2	1	5	5	3/4	1/4	1	1	HC
K309-2	2	8	8	3/4	1/4	1	1	HC
K309-2	3	16	16	3/4	1/4	1	1	PAC
K309-2	4	24	24	3/4	1/4	1	1	HC
K309-2	5	32	32	3/4	1/4	1	1	PAC
K309-2	6	40	40	3/4	0	1	1	PAC
K309-2	7	44	44	3/4	1/4	1	1	HC
K309-2	8	49	49	3/4	1/4	1	1	HC
K309-2	9	52	52	3/4	1/4	1	1	PAC
K309-2	10	60	60	3/4	0	1	1	PAC
K309-2	11	64	64	3/4	1/4	1	1	HC
K309-2	12	68	68	3/4	1/4	1	1	IAC
K309-2	13	72	72	3/4	1/4	1	1	IAC
K309-2	14	73	73	3/4	1/4	1	1	HC
K309-2	15	76	76	3/4	0	1	1	PAC
K309-3	0	9	8	2/4	1/4	1	1	HC
K309-3	1	17	16	2/4	0	1	1	EC
K309-3	2	20	19	2/4	0	1	1	PAC
K309-3	3	28	27	2/4	1/8	1	1	HC
K309-3	4	40	39	2/4	0	1	1	HC
K309-3	5	66	65	2/4	0	1	1	DC
K309-3	6	78	77	2/4	0	1	1	PAC
K309-3	7	82	81	2/4	0	1	1	PAC
K309-3	8	86	85	2/4	0	1	1	PAC
K309-3	9	101	100	2/4	1/4	1	1	HC
K309-3	10	109	108	2/4	0	1	1	EC
K309-3	11	112	111	2/4	0	1	1	PAC
K309-3	12	124	123	2/4	0	1	1	PAC
K309-3	13	127	126	2/4	0	1	1	PAC
K309-3	14	129	128	2/4	0	1	1	PAC
K309-3	15	132	131	2/4	0	1	1	PAC
K309-3	16	138	137	2/4	0	1	1	HC
K309-3	17	170	169	2/4	0	1	1	DC
K309-3	18	186	185	2/4	0	1	1	HC
K309-3	19	197	196	2/4	1/4	1	1	HC
K309-3	20	205	204	2/4	0	1	1	EC
K309-3	21	207	206	2/4	0	1	1	IAC
K309-3	22	208	207	2/4	0	1	1	PAC
K309-3	23	218	217	2/4	0	1	1	PAC
K309-3	24	222	221	2/4	0	1	1	EC
K309-3	25	235	234	2/4	0	1	1	PAC
K309-3	26	241	240	2/4	0	1	1	PAC
K311-1	0	4	4	4/4	0	1	1	IAC
K311-1	1	7	7	4/4	0	1	1	PAC
K311-1	2	13	13	4/4	0	1	1	HC
K311-1	3	20	20	4/4	1/2	1	1	HC
K311-1	4	24	24	4/4	0	1	1	PAC
K311-1	5	32	32	4/4	0	1	1	PAC
K311-1	6	36	36	4/4	0	1	1	PAC
K311-1	7	39	39	4/4	1/2	1	1	PAC
K311-1	8	55	55	4/4	1/2	1	1	PAC
K311-1	9	62	62	4/4	0	1	1	PAC
K311-1	10	66	66	4/4	0	1	1	PAC
K311-1	11	75	75	4/4	0	1	1	HC
K311-1	12	82	82	4/4	1/2	1	1	HC
K311-1	13	86	86	4/4	1/2	1	1	HC
K311-1	14	95	95	4/4	0	1	1	PAC
K311-1	15	99	99	4/4	0	1	1	PAC
K311-1	16	102	102	4/4	0	1	1	IAC
K311-1	17	105	105	4/4	0	1	1	EC
K311-1	18	107	107	4/4	0	1	1	EC
K311-1	19	109	109	4/4	0	1	1	PAC
K311-1	20	112	112	4/4	1/2	1	1	PAC
K311-2	0	4	4	2/4	3/8	1	1	HC
K311-2	1	8	8	2/4	1/4	1	1	PAC
K311-2	2	10	10	2/4	0	1	1	EC
K311-2	3	12	12	2/4	0	1	1	PAC
K311-2	4	16	16	2/4	0	1	1	HC
K311-2	5	24	24	2/4	0	1	1	HC
K311-2	6	32	32	2/4	3/8	1	1	IAC
K311-2	7	38	38	2/4	0	1	1	PAC
K311-2	8	42	42	2/4	3/8	1	1	HC
K311-2	9	46	46	2/4	1/4	1	1	PAC
K311-2	10	48	48	2/4	0	1	1	EC
K311-2	11	50	50	2/4	0	1	1	PAC
K311-2	12	52	52	2/4	0	1	1	HC
K311-2	13	60	60	2/4	0	1	1	HC
K311-2	14	68	68	2/4	3/8	1	1	IAC
K311-2	15	74	74	2/4	0	1	1	PAC
K311-2	16	78	78	2/4	3/8	1	1	HC
K311-2	17	82	82	2/4	1/4	1	1	PAC
K311-2	18	84	84	2/4	0	1	1	EC
K311-2	19	86	86	2/4	0	1	1	PAC
K311-2	20	88	88	2/4	0	1	1	EC
K311-2	21	90	90	2/4	0	1	1	PAC
K311-3	0	9	8	6/8	0	1	1	HC
K311-3	1	17	16	6/8	0	1	1	PAC
K311-3	2	27	26	6/8	0	1	1	IAC
K311-3	3	41	40	6/8	0	1	1	HC
K311-3	4	49	48	6/8	3/8	1	1	HC
K311-3	5	57	56	6/8	0	1	1	PAC
K311-3	6	65	64	6/8	0	1	1	PAC
K311-3	7	73	72	6/8	0	1	1	EC
K311-3	8	76	75	6/8	0	1	1	PAC
K311-3	9	78	77	6/8	0	1	1	PAC
K311-3	10	80	79	6/8	0	1	1	PAC
K311-3	11	95	94	6/8	0	1	1	HC
K311-3	12	103	102	6/8	0	1	1	PAC
K311-3	13	113	112	6/8	0	1	1	IAC
K311-3	14	115	114	6/8	0	1	1	IAC
K311-3	15	117	116	6/8	0	1	1	IAC
K311-3	16	119	118	6/8	0	1	1	HC
K311-3	17	127	126	6/8	0	1	1	HC
K311-3	18	139	138	6/8	3/8	1	1	HC
K311-3	19	146	145	6/8	0	1	1	HC
K311-3	20	147	146	6/8	3/8	1	1	HC
K311-3	21	155	154	6/8	0	1	1	PAC
K311-3	22	184	181	6/8	0	1	1	HC
K311-3	23	192	189	6/8	0	1	1	PAC
K311-3	24	208	205	6/8	0	1	1	HC
K311-3	25	216	213	6/8	3/8	1	1	HC
K311-3	26	224	221	6/8	0	1	1	PAC
K311-3	27	232	229	6/8	0	1	1	PAC
K311-3	28	243	240	6/8	0	1	1	PAC
K311-3	29	245	242	6/8	0	1	1	PAC
K311-3	30	247	244	6/8	0	1	1	PAC
K311-3	31	259	256	6/8	0	1	1	PAC
K311-3	32	269	266	6/8	0	1	1	IAC
K311-3	33	271	268	6/8	0	1	1	PAC
K310-1	0	9	9	4/4	0	1	1	EC
K310-1	1	16	16	4/4	0	1	1	HC
K310-1	2	35	35	4/4	0	1	1	EC
K310-1	3	40	40	4/4	0	1	1	EC
K310-1	4	45	45	4/4	0	1	1	PAC
K310-1	5	47	47	4/4	0	1	1	IAC
K310-1	6	49	49	4/4	0	1	1	PAC
K310-1	7	58	58	4/4	0	1	1	HC
K310-1	8	74	74	4/4	0	1	1	HC
K310-1	9	78	78	4/4	0	1	1	HC
K310-1	10	88	88	4/4	0	1	1	IAC
K310-1	11	97	97	4/4	0	1	1	HC
K310-1	12	116	116	4/4	0	1	1	EC
K310-1	13	121	121	4/4	0	1	1	EC
K310-1	14	126	126	4/4	0	1	1	EC
K310-1	15	129	129	4/4	0	1	1	PAC
K310-1	16	131	131	4/4	0	1	1	IAC
K310-1	17	133	133	4/4	0	1	1	PAC
K310-2	0	5	4	3/4	1/4	1	1	HC
K310-2	1	9	8	3/4	0	1	1	PAC
K310-2	2	15	14	3/4	1/4	1	1	HC
K310-2	3	23	22	3/4	0	1	1	EC
K310-2	4	26	25	3/4	0	1	1	EC
K310-2	5	30	29	3/4	0	1	1	PAC
K310-2	6	36	35	3/4	0	1	1	EC
K310-2	7	38	37	3/4	0	1	1	PAC
K310-2	8	44	43	3/4	0	1	1	HC
K310-2	9	52	51	3/4	1/8	1	1	HC
K310-2	10	54	53	3/4	1/4	1	1	HC
K310-2	11	58	57	3/4	1/4	1	1	HC
K310-2	12	62	61	3/4	0	1	1	PAC
K310-2	13	68	67	3/4	1/4	1	1	HC
K310-2	14	78	77	3/4	0	1	1	EC
K310-2	15	81	80	3/4	0	1	1	EC
K310-2	16	85	84	3/4	0	1	1	PAC
K310-3	0	4	4	2/4	1/4	1	1	HC
K310-3	1	8	8	2/4	0	1	1	HC
K310-3	2	12	12	2/4	1/4	1	1	HC
K310-3	3	16	16	2/4	0	1	1	DC
K310-3	4	20	20	2/4	0	1	1	PAC
K310-3	5	28	28	2/4	1/4	1	1	HC
K310-3	6	32	32	2/4	3/8	1	1	HC
K310-3	7	44	44	2/4	1/4	1	1	IAC
K310-3	8	52	52	2/4	0	1	1	EC
K310-3	9	56	56	2/4	0	1	1	EC
K310-3	10	63	63	2/4	0	1	1	HC
K310-3	11	79	79	2/4	0	1	1	PAC
K310-3	12	87	87	2/4	0	1	1	EC
K310-3	13	99	99	2/4	0	1	1	HC
K310-3	14	110	110	2/4	1/4	1	1	HC
K310-3	15	114	114	2/4	0	1	1	HC
K310-3	16	118	118	2/4	1/4	1	1	HC
K310-3	17	122	122	2/4	0	1	1	DC
K310-3	18	134	134	2/4	0	1	1	PAC
K310-3	19	142	142	2/4	0	1	1	PAC
K310-3	20	158	158	2/4	0	1	1	PAC
K310-3	22	175	174	2/4	0	1	1	PAC
K310-3	23	179	178	2/4	1/4	1	1	HC
K310-3	24	183	182	2/4	0	1	1	HC
K310-3	25	187	186	2/4	1/4	1	1	HC
K310-3	26	191	190	2/4	0	1	1	DC
K310-3	27	195	194	2/4	0	1	1	PAC
K310-3	28	219	218	2/4	0	1	1	PAC
K310-3	29	227	226	2/4	0	1	1	EC
K310-3	30	234	233	2/4	0	1	1	EC
K310-3	31	240	239	2/4	0	1	1	EC
K310-3	32	246	245	2/4	0	1	1	PAC
K310-3	33	252	251	2/4	0	1	1	PAC
K330-1	0	8	8	2/4	1/8	1	1	IAC
K330-1	1	12	12	2/4	0	1	1	PAC
K330-1	2	14	14	2/4	0	1	1	PAC
K330-1	3	16	16	2/4	0	1	1	PAC
K330-1	4	18	18	2/4	1/4	1	1	HC
K330-1	5	31	31	2/4	3/8	1	1	DC
K330-1	6	34	34	2/4	0	1	1	PAC
K330-1	7	38	38	2/4	1/8	1	1	HC
K330-1	8	42	42	2/4	0	1	1	PAC
K330-1	9	48	48	2/4	0	1	1	PAC
K330-1	10	54	54	2/4	0	1	1	PAC
K330-1	11	56	56	2/4	0	1	1	PAC
K330-1	12	58	58	2/4	0	1	1	PAC
K330-1	13	66	66	2/4	0	1	1	IAC
K330-1	14	79	79	2/4	0	1	1	HC
K330-1	15	83	83	2/4	0	1	1	HC
K330-1	16	95	95	2/4	1/8	1	1	IAC
K330-1	17	99	99	2/4	0	1	1	PAC
K330-1	18	101	101	2/4	0	1	1	PAC
K330-1	19	103	103	2/4	0	1	1	PAC
K330-1	20	105	105	2/4	1/4	1	1	HC
K330-1	21	118	118	2/4	3/8	1	1	DC
K330-1	22	121	121	2/4	0	1	1	PAC
K330-1	23	125	125	2/4	1/8	1	1	HC
K330-1	24	129	129	2/4	0	1	1	PAC
K330-1	25	135	135	2/4	0	1	1	PAC
K330-1	26	141	141	2/4	0	1	1	PAC
K330-1	27	143	143	2/4	0	1	1	PAC
K330-1	28	145	145	2/4	0	1	1	PAC
K330-2	0	5	4	3/4	1/4	1	1	HC
K330-2	1	9	8	3/4	0	1	1	PAC
K330-2	2	14	12	3/4	1/4	1	1	HC
K330-2	3	22	20	3/4	0	1	1	PAC
K330-2	4	31	28	3/4	0	1	1	PAC
K330-2	5	36	32	3/4	1/4	1	1	HC
K330-2	6	40	36	3/4	0	1	1	PAC
K330-2	7	50	44	3/4	1/4	1	1	HC
K330-2	8	54	48	3/4	0	1	1	PAC
K330-2	9	58	52	3/4	1/4	1	1	HC
K330-2	10	66	60	3/4	0	1	1	PAC
K330-3	0	2	2	2/4	1/4	1	1	HC
K330-3	1	4	4	2/4	1/4	1	1	HC
K330-3	2	8	8	2/4	0	1	1	HC
K330-3	3	10	10	2/4	1/4	1	1	HC
K330-3	4	12	12	2/4	1/4	1	1	HC
K330-3	5	16	16	2/4	0	1	1	PAC
K330-3	6	18	18	2/4	0	1	1	PAC
K330-3	7	20	20	2/4	0	1	1	PAC
K330-3	8	32	32	2/4	0	1	1	HC
K330-3	9	35	35	2/4	1/8	1	1	IAC
K330-3	10	39	39	2/4	0	1	1	IAC
K330-3	11	47	47	2/4	0	1	1	EC
K330-3	12	55	55	2/4	0	1	1	PAC
K330-3	13	61	61	2/4	0	1	1	PAC
K330-3	14	68	68	2/4	1/4	1	1	PAC
K330-3	15	76	76	2/4	1/4	1	1	PAC
K330-3	16	86	86	2/4	0	1	1	HC
K330-3	17	92	92	2/4	0	1	1	HC
K330-3	18	97	97	2/4	1/4	1	1	HC
K330-3	19	99	99	2/4	1/4	1	1	HC
K330-3	20	103	103	2/4	0	1	1	HC
K330-3	21	105	105	2/4	1/4	1	1	HC
K330-3	22	107	107	2/4	1/4	1	1	HC
K330-3	23	111	111	2/4	0	1	1	PAC
K330-3	24	113	113	2/4	0	1	1	PAC
K330-3	25	115	115	2/4	0	1	1	PAC
K330-3	26	131	131	2/4	0	1	1	HC
K330-3	27	134	134	2/4	1/8	1	1	IAC
K330-3	28	138	138	2/4	0	1	1	IAC
K330-3	29	142	142	2/4	1/8	1	1	IAC
K330-3	30	146	146	2/4	0	1	1	EC
K330-3	31	154	154	2/4	0	1	1	PAC
K330-3	32	160	160	2/4	0	1	1	PAC
K330-3	33	169	169	2/4	1/4	1	1	DC
K330-3	34	171	171	2/4	0	1	1	PAC
K331-1	0	4	4	6/8	5/8	1	1	HC
K331-1	1	8	8	6/8	3/8	1	1	PAC
K331-1	2	12	12	6/8	5/8	1	1	HC
K331-1	3	16	16	6/8	5/8	1	1	IAC
K331-1	4	18	18	6/8	3/8	1	1	PAC
K331-1	5	22	22	6/8	3/8	1	1	HC
K331-1	6	26	26	6/8	3/8	1	1	PAC
K331-1	7	30	30	6/8	5/8	1	1	HC
K331-1	8	34	34	6/8	5/8	1	1	IAC
K331-1	9	36	36	6/8	3/8	1	1	PAC
K331-1	10	40	40	6/8	5/8	1	1	HC
K331-1	11	44	44	6/8	3/8	1	1	PAC
K331-1	12	48	48	6/8	5/8	1	1	HC
K331-1	13	52	52	6/8	5/8	1	1	IAC
K331-1	14	54	54	6/8	3/8	1	1	PAC
K331-1	15	58	58	6/8	5/8	1	1	HC
K331-1	16	62	62	6/8	3/8	1	1	PAC
K331-1	17	66	66	6/8	5/8	1	1	HC
K331-1	18	70	70	6/8	3/8	1	1	PAC
K331-1	19	72	72	6/8	3/8	1	1	PAC
K331-1	20	76	76	6/8	3/8	1	1	HC
K331-1	21	80	80	6/8	3/8	1	1	PAC
K331-1	22	84	84	6/8	5/8	1	1	HC
K331-1	23	88	88	6/8	1/4	1	1	HC
K331-1	24	90	90	6/8	3/8	1	1	PAC
K331-1	25	94	94	6/8	3/8	1	1	HC
K331-1	27	99	98	6/8	1/2	1	1	PAC
K331-1	28	103	102	6/8	1/2	1	1	HC
K331-1	29	107	106	6/8	5/8	1	1	IAC
K331-1	31	110	108	6/8	5/8	1	1	PAC
K331-1	32	114	112	4/4	3/4	1	1	HC
K331-1	33	118	116	4/4	1/2	1	1	PAC
K331-1	34	122	120	4/4	1/2	1	1	HC
K331-1	35	126	124	4/4	3/4	1	1	IAC
K331-1	37	129	126	4/4	1/2	1	1	PAC
K331-1	38	135	132	4/4	1/2	1	1	PAC
K331-1	39	136	133	4/4	1/2	1	1	PAC
K331-1	40	137	134	4/4	1/2	1	1	PAC
K331-2	0	4	4	3/4	1/4	1	1	HC
K331-2	1	10	10	3/4	1/4	1	1	PAC
K331-2	2	18	18	3/4	0	1	1	PAC
K331-2	3	30	30	3/4	0	1	1	HC
K331-2	4	34	34	3/4	1/4	1	1	HC
K331-2	5	41	41	3/4	0	1	1	EC
K331-2	6	48	48	3/4	0	1	1	PAC
K331-2	7	52	52	3/4	0	1	1	PAC
K331-2	8	56	56	3/4	0	1	1	HC
K331-2	9	60	60	3/4	0	1	1	PAC
K331-2	10	63	63	3/4	0	1	1	PAC
K331-2	11	64	64	3/4	0	1	1	PAC
K331-2	12	80	80	3/4	0	1	1	HC
K331-2	13	82	82	3/4	0	1	1	HC
K331-2	14	92	92	3/4	0	1	1	HC
K331-2	15	96	96	3/4	0	1	1	IAC
K331-2	16	98	98	3/4	0	1	1	IAC
K331-2	17	99	99	3/4	0	1	1	PAC
K331-2	19	101	100	3/4	0	1	1	PAC
K331-3	0	9	8	2/4	0	1	1	PAC
K331-3	1	12	10	2/4	0	1	1	HC
K331-3	2	14	12	2/4	0	1	1	HC
K331-3	3	16	14	2/4	0	1	1	HC
K331-3	4	18	16	2/4	0	1	1	HC
K331-3	5	26	24	2/4	0	1	1	PAC
K331-3	6	31	28	2/4	0	1	1	HC
K331-3	7	35	32	2/4	0	1	1	PAC
K331-3	8	44	40	2/4	0	1	1	PAC
K331-3	9	49	44	2/4	0	1	1	HC
K331-3	10	53	48	2/4	0	1	1	PAC
K331-3	11	61	56	2/4	0	1	1	PAC
K331-3	12	66	60	2/4	0	1	1	HC
K331-3	13	70	64	2/4	0	1	1	PAC
K331-3	14	79	72	2/4	0	1	1	PAC
K331-3	15	82	74	2/4	0	1	1	HC
K331-3	16	84	76	2/4	0	1	1	HC
K331-3	17	86	78	2/4	0	1	1	HC
K331-3	18	88	80	2/4	0	1	1	HC
K331-3	19	96	88	2/4	0	1	1	PAC
K331-3	20	101	92	2/4	0	1	1	HC
K331-3	22	106	96	2/4	0	1	1	PAC
K331-3	23	112	102	2/4	0	1	1	HC
K331-3	24	119	109	2/4	0	1	1	PAC
K331-3	25	125	115	2/4	0	1	1	HC
K331-3	26	132	122	2/4	0	1	1	PAC
K332-1	0	12	12	3/4	0	1	1	PAC
K332-1	1	16	16	3/4	1/4	1	1	IAC
K332-1	2	20	20	3/4	0	1	1	PAC
K332-1	3	37	37	3/4	0	1	1	HC
K332-1	4	44	44	3/4	1/2	1	1	IAC
K332-1	5	48	48	3/4	0	1	1	HC
K332-1	6	52	52	3/4	1/2	1	1	IAC
K332-1	7	56	56	3/4	0	1	1	PAC
K332-1	8	67	67	3/4	0	1	1	HC
K332-1	9	76	76	3/4	0	1	1	IAC
K332-1	10	82	82	3/4	0	1	1	EC
K332-1	11	84	84	3/4	0	1	1	EC
K332-1	12	86	86	3/4	0	1	1	PAC
K332-1	13	93	93	3/4	0	1	1	PAC
K332-1	14	95	95	3/4	1/2	1	1	HC
K332-1	15	97	97	3/4	1/2	1	1	HC
K332-1	16	101	101	3/4	0	1	1	PAC
K332-1	17	103	103	3/4	1/2	1	1	HC
K332-1	18	105	105	3/4	1/2	1	1	HC
K332-1	19	109	109	3/4	0	1	1	PAC
K332-1	20	123	123	3/4	0	1	1	HC
K332-1	21	144	144	3/4	0	1	1	PAC
K332-1	22	148	148	3/4	1/4	1	1	IAC
K332-1	23	152	152	3/4	0	1	1	PAC
K332-1	24	173	173	3/4	0	1	1	HC
K332-1	25	180	180	3/4	1/2	1	1	IAC
K332-1	26	184	184	3/4	0	1	1	HC
K332-1	27	188	188	3/4	1/2	1	1	IAC
K332-1	28	192	192	3/4	0	1	1	PAC
K332-1	29	203	203	3/4	0	1	1	HC
K332-1	30	212	212	3/4	0	1	1	IAC
K332-1	31	218	218	3/4	0	1	1	EC
K332-1	32	220	220	3/4	0	1	1	EC
K332-1	33	222	222	3/4	0	1	1	PAC
K332-1	34	229	229	3/4	0	1	1	PAC
K332-2	0	4	4	4/4	3/4	1	1	HC
K332-2	1	8	8	4/4	1/2	1	1	PAC
K332-2	2	12	12	4/4	5/8	1	1	IAC
K332-2	3	16	16	4/4	3/8	1	1	HC
K332-2	4	19	19	4/4	0	1	1	PAC
K332-2	5	24	24	4/4	3/4	1	1	HC
K332-2	6	28	28	4/4	1/2	1	1	PAC
K332-2	7	32	32	4/4	5/8	1	1	IAC
K332-2	8	36	36	4/4	3/8	1	1	HC
K332-2	9	39	39	4/4	0	1	1	PAC
K332-3	0	6	6	6/8	3/8	1	1	HC
K332-3	1	14	14	6/8	3/8	1	1	PAC
K332-3	2	26	26	6/8	3/8	1	1	DC
K332-3	3	32	32	6/8	0	1	1	PAC
K332-3	4	49	49	6/8	0	1	1	HC
K332-3	5	57	57	6/8	3/8	1	1	HC
K332-3	6	65	65	6/8	0	1	1	PAC
K332-3	7	74	74	6/8	0	1	1	PAC
K332-3	8	83	83	6/8	0	1	1	EC
K332-3	9	85	85	6/8	0	1	1	PAC
K332-3	10	119	119	6/8	0	1	1	HC
K332-3	11	127	127	6/8	0	1	1	PAC
K332-3	12	139	139	6/8	0	1	1	HC
K332-3	13	153	153	6/8	3/8	1	1	HC
K332-3	14	161	161	6/8	3/8	1	1	PAC
K332-3	15	184	184	6/8	0	1	1	HC
K332-3	16	192	192	6/8	3/8	1	1	HC
K332-3	17	200	200	6/8	0	1	1	PAC
K332-3	18	210	210	6/8	0	1	1	PAC
K332-3	19	220	220	6/8	0	1	1	EC
K332-3	20	222	222	6/8	0	1	1	PAC
K332-3	21	232	232	6/8	0	1	1	PAC
K332-3	22	236	236	6/8	3/8	1	1	DC
K332-3	23	242	242	6/8	0	1	1	PAC
K333-1	0	5	4	4/4	1/4	1	1	IAC
K333-1	1	11	10	4/4	0	1	1	PAC
K333-1	2	19	18	4/4	0	1	1	HC
K333-1	3	21	20	4/4	0	1	1	HC
K333-1	4	23	22	4/4	0	1	1	HC
K333-1	5	31	30	4/4	0	1	1	HC
K333-1	6	39	38	4/4	0	1	1	PAC
K333-1	7	47	46	4/4	0	1	1	PAC
K333-1	8	51	50	4/4	0	1	1	PAC
K333-1	9	55	54	4/4	0	1	1	PAC
K333-1	10	60	59	4/4	0	1	1	PAC
K333-1	11	64	63	4/4	1/2	1	1	PAC
K333-1	12	73	71	4/4	0	1	1	PAC
K333-1	13	83	81	4/4	0	1	1	HC
K333-1	14	85	83	4/4	0	1	1	HC
K333-1	15	87	85	4/4	0	1	1	HC
K333-1	16	99	97	4/4	1/4	1	1	IAC
K333-1	17	105	103	4/4	0	1	1	PAC
K333-1	18	116	114	4/4	0	1	1	HC
K333-1	19	118	116	4/4	0	1	1	HC
K333-1	20	120	118	4/4	0	1	1	HC
K333-1	21	128	126	4/4	0	1	1	HC
K333-1	22	136	134	4/4	0	1	1	PAC
K333-1	23	144	142	4/4	0	1	1	PAC
K333-1	24	154	152	4/4	0	1	1	PAC
K333-1	25	158	156	4/4	0	1	1	PAC
K333-1	26	163	161	4/4	0	1	1	PAC
K333-1	27	167	165	4/4	1/2	1	1	PAC
K333-2	0	4	4	3/4	1/4	1	1	HC
K333-2	1	6	6	3/4	1/2	1	1	DC
K333-2	2	8	8	3/4	0	1	1	PAC
K333-2	3	13	13	3/4	1/4	1	1	HC
K333-2	4	21	21	3/4	0	1	1	PAC
K333-2	5	25	25	3/4	1/4	1	1	IAC
K333-2	6	29	29	3/4	0	1	1	PAC
K333-2	7	31	31	3/4	1/4	1	1	PAC
K333-2	8	35	35	3/4	1/4	1	1	PAC
K333-2	9	43	43	3/4	0	1	1	PAC
K333-2	10	48	48	3/4	1/4	1	1	HC
K333-2	11	54	54	3/4	1/4	1	1	HC
K333-2	12	58	58	3/4	0	1	1	PAC
K333-2	13	63	63	3/4	1/4	1	1	HC
K333-2	14	71	71	3/4	0	1	1	PAC
K333-2	15	75	75	3/4	1/4	1	1	IAC
K333-2	16	79	79	3/4	0	1	1	PAC
K333-2	18	82	81	3/4	1/4	1	1	PAC
K333-2	19	83	82	3/4	1/2	1	1	PAC
K333-3	0	4	4	2/2	1/2	1	1	HC
K333-3	1	8	8	2/2	0	1	1	PAC
K333-3	2	12	12	2/2	1/2	1	1	HC
K333-3	3	16	16	2/2	0	1	1	PAC
K333-3	4	18	18	2/2	0	1	1	HC
K333-3	5	20	20	2/2	0	1	1	IAC
K333-3	6	24	24	2/2	1/4	1	1	HC
K333-3	7	32	32	2/2	0	1	1	IAC
K333-3	8	36	36	2/2	0	1	1	PAC
K333-3	9	44	44	2/2	1/2	1	1	HC
K333-3	10	48	48	2/2	0	1	1	PAC
K333-3	11	52	52	2/2	1/2	1	1	HC
K333-3	12	56	56	2/2	0	1	1	PAC
K333-3	13	58	58	2/2	0	1	1	HC
K333-3	14	60	60	2/2	0	1	1	IAC
K333-3	15	64	64	2/2	0	1	1	HC
K333-3	16	72	72	2/2	0	1	1	HC
K333-3	17	76	76	2/2	0	1	1	PAC
K333-3	18	89	89	2/2	0	1	1	EC
K333-3	19	90	90	2/2	3/4	1	1	HC
K333-3	20	103	103	2/2	0	1	1	HC
K333-3	21	115	115	2/2	1/2	1	1	HC
K333-3	22	119	119	2/2	0	1	1	PAC
K333-3	23	123	123	2/2	1/2	1	1	HC
K333-3	24	127	127	2/2	0	1	1	PAC
K333-3	25	129	129	2/2	0	1	1	HC
K333-3	26	131	131	2/2	0	1	1	IAC
K333-3	27	144	144	2/2	0	1	1	HC
K333-3	28	156	156	2/2	0	1	1	IAC
K333-3	29	164	164	2/2	0	1	1	PAC
K333-3	30	179	179	2/2	0	1	1	HC
K333-3	31	205	202	2/2	1/2	1	1	HC
K333-3	32	209	206	2/2	0	1	1	EC
K333-3	33	212	209	2/2	0	1	1	EC
K333-3	34	216	213	2/2	0	1	1	PAC
K333-3	35	225	222	2/2	0	1	1	PAC
K333-3	36	226	223	2/2	0	1	1	PAC
K457-1	0	19	19	4/4	0	1	1	PAC
K457-1	1	30	30	4/4	1/4	1	1	HC
K457-1	2	48	48	4/4	0	1	1	DC
K457-1	3	59	59	4/4	0	1	1	PAC
K457-1	4	63	63	4/4	0	1	1	PAC
K457-1	5	67	67	4/4	0	1	1	PAC
K457-1	6	71	71	4/4	0	1	1	PAC
K457-1	7	118	118	4/4	0	1	1	PAC
K457-1	8	126	126	4/4	1/4	1	1	HC
K457-1	9	145	145	4/4	0	1	1	PAC
K457-1	10	156	156	4/4	0	1	1	PAC
K457-1	11	160	160	4/4	0	1	1	PAC
K457-1	12	164	164	4/4	0	1	1	PAC
K457-1	13	176	176	4/4	0	1	1	PAC
K457-1	14	179	179	4/4	0	1	1	PAC
K457-1	15	182	182	4/4	0	1	1	PAC
K457-2	0	3	3	4/4	3/4	1	1	HC
K457-2	1	7	7	4/4	1/2	1	1	PAC
K457-2	2	13	13	4/4	1/2	1	1	PAC
K457-2	3	19	19	4/4	3/4	1	1	HC
K457-2	4	23	23	4/4	1/2	1	1	PAC
K457-2	5	38	38	4/4	0	1	1	HC
K457-2	6	43	43	4/4	3/4	1	1	HC
K457-2	7	45	45	4/4	0	1	1	PAC
K457-2	8	47	47	4/4	1/2	1	1	PAC
K457-2	9	49	49	4/4	1/2	1	1	PAC
K457-2	10	54	54	4/4	0	1	1	PAC
K457-3	0	9	8	3/4	1/4	1	1	HC
K457-3	1	17	16	3/4	0	1	1	PAC
K457-3	2	31	30	3/4	0	1	1	PAC
K457-3	3	45	44	3/4	0	1	1	PAC
K457-3	4	59	58	3/4	0	1	1	HC
K457-3	5	61	60	3/4	0	1	1	HC
K457-3	6	63	62	3/4	0	1	1	HC
K457-3	7	75	74	3/4	0	1	1	PAC
K457-3	8	83	82	3/4	0	1	1	PAC
K457-3	9	91	90	3/4	0	1	1	PAC
K457-3	10	112	111	3/4	1/4	1	1	HC
K457-3	11	120	119	3/4	0	1	1	PAC
K457-3	12	134	133	3/4	0	1	1	PAC
K457-3	13	180	179	3/4	0	1	1	HC
K457-3	14	182	181	3/4	0	1	1	HC
K457-3	15	184	183	3/4	0	1	1	HC
K457-3	16	198	197	3/4	0	1	1	PAC
K457-3	17	206	205	3/4	0	1	1	PAC
K457-3	18	229	228	3/4	1/4	1	1	HC
K457-3	19	249	248	3/4	0	1	1	PAC
K457-3	20	263	262	3/4	0	1	1	PAC
K457-3	21	288	287	3/4	0	1	1	PAC
K457-3	22	302	301	3/4	0	1	1	DC
K457-3	23	310	309	3/4	0	1	1	PAC
K533-1	0	23	22	2/2	0	1	1	DC
K533-1	1	42	41	2/2	0	1	1	HC
K533-1	2	46	45	2/2	1/4	1	1	HC
K533-1	3	50	49	2/2	0	1	1	PAC
K533-1	4	54	53	2/2	1/4	1	1	HC
K533-1	5	58	57	2/2	0	1	1	PAC
K533-1	6	79	78	2/2	0	1	1	IAC
K533-1	7	83	82	2/2	0	1	1	DC
K533-1	8	90	89	2/2	0	1	1	PAC
K533-1	9	93	92	2/2	0	1	1	PAC
K533-1	10	96	95	2/2	0	1	1	PAC
K533-1	11	98	97	2/2	0	1	1	PAC
K533-1	12	100	99	2/2	0	1	1	PAC
K533-1	13	118	116	2/2	0	1	1	HC
K533-1	14	170	168	2/2	0	1	1	HC
K533-1	15	174	172	2/2	1/4	1	1	HC
K533-1	16	178	176	2/2	0	1	1	PAC
K533-1	17	182	180	2/2	1/4	1	1	HC
K533-1	18	186	184	2/2	0	1	1	PAC
K533-1	19	213	211	2/2	0	1	1	IAC
K533-1	20	221	219	2/2	0	1	1	DC
K533-1	21	228	226	2/2	0	1	1	PAC
K533-1	22	231	229	2/2	0	1	1	PAC
K533-1	23	234	232	2/2	0	1	1	PAC
K533-1	24	236	234	2/2	0	1	1	PAC
K533-1	25	238	236	2/2	0	1	1	PAC
K533-2	0	10	10	3/4	1/4	1	1	HC
K533-2	1	22	22	3/4	1/4	1	1	HC
K533-2	2	33	33	3/4	0	1	1	PAC
K533-2	3	42	42	3/4	0	1	1	EC
K533-2	4	44	44	3/4	0	1	1	EC
K533-2	5	46	46	3/4	1/4	1	1	PAC
K533-2	6	82	82	3/4	1/4	1	1	HC
K533-2	7	90	90	3/4	1/4	1	1	HC
K533-2	8	101	101	3/4	0	1	1	PAC
K533-2	9	110	110	3/4	0	1	1	EC
K533-2	10	112	112	3/4	0	1	1	EC
K533-2	11	114	114	3/4	0	1	1	PAC
K533-2	12	117	117	3/4	0	1	1	DC
K533-2	13	120	120	3/4	0	1	1	PAC
K533-3	0	6	6	2/2	1/2	1	1	HC
K533-3	1	12	12	2/2	1/2	1	1	PAC
K533-3	2	18	18	2/2	1/2	1	1	HC
K533-3	3	26	26	2/2	1/2	1	1	IAC
K533-3	4	30	30	2/2	0	1	1	PAC
K533-3	5	44	44	2/2	1/2	1	1	HC
K533-3	6	50	50	2/2	1/2	1	1	PAC
K533-3	7	58	58	2/2	0	1	1	HC
K533-3	8	67	67	2/2	0	1	1	PAC
K533-3	9	79	79	2/2	0	1	1	HC
K533-3	10	88	88	2/2	1/2	1	1	HC
K533-3	11	94	94	2/2	1/2	1	1	PAC
K533-3	12	98	98	2/2	1/2	1	1	IAC
K533-3	13	102	102	2/2	1/2	1	1	PAC
K533-3	14	108	108	2/2	1/2	1	1	HC
K533-3	16	117	116	2/2	0	1	1	PAC
K533-3	17	126	125	2/2	1/2	1	1	HC
K533-3	18	132	131	2/2	1/2	1	1	PAC
K533-3	19	140	139	2/2	1/2	1	1	IAC
K533-3	20	144	143	2/2	0	1	1	DC
K533-3	21	148	147	2/2	0	1	1	DC
K533-3	22	153	152	2/2	0	1	1	HC
K533-3	23	171	170	2/2	0	1	1	PAC
K533-3	24	181	180	2/2	0	1	1	EC
K533-3	25	185	184	2/2	0	1	1	PAC
K545-1	0	11	11	4/4	0	1	1	HC
K545-1	1	26	26	4/4	0	1	1	PAC
K545-1	2	42	42	4/4	0	1	1	PAC
K545-1	3	56	56	4/4	0	1	1	HC
K545-1	4	71	71	4/4	0	1	1	PAC
K545-2	0	8	8	3/4	1/4	1	1	HC
K545-2	1	16	16	3/4	1/4	1	1	PAC
K545-2	2	24	24	3/4	1/4	1	1	PAC
K545-2	3	32	32	3/4	1/4	1	1	PAC
K545-2	4	40	40	3/4	1/4	1	1	PAC
K545-2	5	44	44	3/4	1/4	1	1	HC
K545-2	6	48	48	3/4	1/4	1	1	PAC
K545-2	7	56	56	3/4	1/4	1	1	HC
K545-2	8	64	64	3/4	0	1	1	PAC
K545-2	9	68	68	3/4	0	1	1	PAC
K545-2	10	72	72	3/4	0	1	1	PAC
K545-3	0	5	4	2/4	0	1	1	HC
K545-3	1	9	8	2/4	0	1	1	PAC
K545-3	2	13	12	2/4	0	1	1	HC
K545-3	3	17	16	2/4	0	1	1	PAC
K545-3	4	25	24	2/4	0	1	1	HC
K545-3	5	29	28	2/4	0	1	1	PAC
K545-3	6	37	36	2/4	0	1	1	HC
K545-3	7	49	48	2/4	0	1	1	PAC
K545-3	8	57	56	2/4	0	1	1	HC
K545-3	9	61	60	2/4	0	1	1	PAC
K545-3	10	65	64	2/4	1/8	1	1	PAC
K545-3	11	69	68	2/4	0	1	1	PAC
K545-3	12	71	70	2/4	0	1	1	PAC
K545-3	13	73	72	2/4	0	1	1	PAC
K570-1	0	20	20	3/4	0	1	1	PAC
K570-1	1	35	35	3/4	0	1	1	HC
K570-1	2	37	37	3/4	0	1	1	HC
K570-1	3	39	39	3/4	0	1	1	HC
K570-1	4	57	57	3/4	0	1	1	PAC
K570-1	5	65	65	3/4	0	1	1	EC
K570-1	6	69	69	3/4	0	1	1	PAC
K570-1	7	73	73	3/4	0	1	1	PAC
K570-1	8	77	77	3/4	0	1	1	PAC
K570-1	9	95	95	3/4	0	1	1	HC
K570-1	10	97	97	3/4	0	1	1	HC
K570-1	11	99	99	3/4	0	1	1	HC
K570-1	12	127	127	3/4	0	1	1	HC
K570-1	13	129	129	3/4	0	1	1	HC
K570-1	14	152	152	3/4	0	1	1	PAC
K570-1	15	167	167	3/4	0	1	1	HC
K570-1	16	169	169	3/4	0	1	1	HC
K570-1	17	187	187	3/4	0	1	1	PAC
K570-1	18	195	195	3/4	0	1	1	EC
K570-1	19	199	199	3/4	0	1	1	PAC
K570-1	20	203	203	3/4	0	1	1	PAC
K570-1	21	207	207	3/4	0	1	1	PAC
K570-2	0	2	2	4/4	3/4	1	1	HC
K570-2	1	4	4	4/4	3/4	1	1	PAC
K570-2	2	8	8	4/4	3/4	1	1	HC
K570-2	3	10	10	4/4	3/4	1	1	HC
K570-2	4	12	12	4/4	3/4	1	1	PAC
K570-2	5	14	14	4/4	3/4	1	1	HC
K570-2	6	16	16	4/4	1/2	1	1	PAC
K570-2	7	20	20	4/4	3/4	1	1	HC
K570-2	8	22	22	4/4	3/4	1	1	HC
K570-2	10	25	24	4/4	1/2	1	1	PAC
K570-2	11	30	29	4/4	3/4	1	1	HC
K570-2	12	32	31	4/4	3/4	1	1	PAC
K570-2	13	36	35	4/4	1/2	1	1	PAC
K570-2	14	38	37	4/4	3/4	1	1	HC
K570-2	15	40	39	4/4	3/4	1	1	PAC
K570-2	16	42	41	4/4	1/2	1	1	HC
K570-2	17	46	45	4/4	3/4	1	1	HC
K570-2	18	48	47	4/4	3/4	1	1	PAC
K570-2	19	52	51	4/4	3/4	1	1	DC
K570-2	20	54	53	4/4	1/2	1	1	PAC
K570-3	0	5	4	4/4	3/4	1	1	HC
K570-3	1	9	8	4/4	1/2	1	1	PAC
K570-3	2	11	10	4/4	3/4	1	1	HC
K570-3	3	19	18	4/4	3/4	1	1	HC
K570-3	4	23	22	4/4	1/2	1	1	PAC
K570-3	5	31	30	4/4	3/4	1	1	PAC
K570-3	6	35	34	4/4	3/4	1	1	HC
K570-3	7	43	42	4/4	3/4	1	1	PAC
K570-3	8	49	48	4/4	1/2	1	1	PAC
K570-3	9	53	52	4/4	0	1	1	HC
K570-3	10	57	56	4/4	1/2	1	1	PAC
K570-3	11	67	66	4/4	3/4	1	1	HC
K570-3	12	71	70	4/4	1/2	1	1	PAC
K570-3	13	79	78	4/4	3/4	1	1	DC
K570-3	14	86	85	4/4	0	1	1	PAC
K576-1	0	5	4	6/8	3/8	1	1	HC
K576-1	1	9	8	6/8	3/8	1	1	PAC
K576-1	2	13	12	6/8	3/8	1	1	HC
K576-1	3	17	16	6/8	0	1	1	PAC
K576-1	4	27	26	6/8	0	1	1	HC
K576-1	5	42	41	6/8	0	1	1	PAC
K576-1	6	46	45	6/8	3/8	1	1	HC
K576-1	7	54	53	6/8	0	1	1	PAC
K576-1	8	79	77	6/8	0	1	1	HC
K576-1	9	104	102	6/8	3/8	1	1	HC
K576-1	10	108	106	6/8	3/8	1	1	PAC
K576-1	11	122	120	6/8	0	1	1	HC
K576-1	12	127	125	6/8	3/8	1	1	HC
K576-1	13	131	129	6/8	3/8	1	1	PAC
K576-1	14	135	133	6/8	3/8	1	1	HC
K576-1	15	157	155	6/8	0	1	1	PAC
K576-2	0	4	4	3/4	1/4	1	1	HC
K576-2	1	8	8	3/4	1/4	1	1	PAC
K576-2	2	16	16	3/4	1/4	1	1	PAC
K576-2	3	20	20	3/4	0	1	1	HC
K576-2	4	24	24	3/4	0	1	1	PAC
K576-2	5	31	31	3/4	0	1	1	HC
K576-2	6	35	35	3/4	0	1	1	HC
K576-2	7	39	39	3/4	0	1	1	PAC
K576-2	8	47	47	3/4	1/4	1	1	HC
K576-2	9	51	51	3/4	1/4	1	1	PAC
K576-2	10	59	59	3/4	0	1	1	PAC
K576-2	11	62	62	3/4	0	1	1	PAC
K576-2	12	65	65	3/4	0	1	1	PAC
K576-3	0	8	8	2/4	1/4	1	1	PAC
K576-3	1	16	16	2/4	0	1	1	PAC
K576-3	2	23	23	2/4	0	1	1	HC
K576-3	3	34	34	2/4	0	1	1	HC
K576-3	4	50	50	2/4	0	1	1	PAC
K576-3	5	54	54	2/4	1/8	1	1	HC
K576-3	6	58	58	2/4	0	1	1	PAC
K576-3	7	72	72	2/4	1/4	1	1	PAC
K576-3	8	80	80	2/4	0	1	1	PAC
K576-3	9	92	92	2/4	0	1	1	HC
K576-3	10	114	114	2/4	0	1	1	HC
K576-3	11	125	125	2/4	0	1	1	HC
K576-3	12	141	141	2/4	0	1	1	PAC
K576-3	13	145	145	2/4	1/8	1	1	HC
K576-3	14	149	149	2/4	0	1	1	PAC
K576-3	15	155	155	2/4	0	1	1	HC
K576-3	16	170	170	2/4	1/4	1	1	PAC
K576-3	17	178	178	2/4	0	1	1	EC
K576-3	18	181	181	2/4	0	1	1	EC
K576-3	19	184	184	2/4	0	1	1	PAC
